{"version":"1.0.0","summaryCreationDateTime":"2022-09-18 10:48:03 +0800","workflow":{"nodes":[{"id":"4:0:42","name":"Component Input","type":"VirtualIn","state":"IDLE","graphDepth":0,"annotation":"1: BASEV\r\n2: NEXTV\r\n3: RULES\r\nflow vars:\r\nname of delta col","factoryKey":{"className":"org.knime.core.node.workflow.virtual.subnode.VirtualSubNodeInputNodeFactory","settings":"{\"name\":\"settings\",\"value\":{\"port_0\":{\"type\":\"tree\",\"value\":{\"index\":{\"type\":\"int\",\"value\":0},\"type\":{\"type\":\"tree\",\"value\":{\"object_class\":{\"type\":\"string\",\"value\":\"org.knime.core.node.BufferedDataTable\"}}}}},\"port_1\":{\"type\":\"tree\",\"value\":{\"index\":{\"type\":\"int\",\"value\":1},\"type\":{\"type\":\"tree\",\"value\":{\"object_class\":{\"type\":\"string\",\"value\":\"org.knime.core.node.BufferedDataTable\"}}}}},\"port_2\":{\"type\":\"tree\",\"value\":{\"index\":{\"type\":\"int\",\"value\":2},\"type\":{\"type\":\"tree\",\"value\":{\"object_class\":{\"type\":\"string\",\"value\":\"org.knime.core.node.BufferedDataTable\"}}}}}}}"},"nodeMessage":{"type":"WARNING","message":"No example input data stored with component"},"settings":[{"key":"variable-filter","type":"config","settings":[{"key":"filter-type","value":"STANDARD","type":"xstring"},{"key":"included_names","type":"config","settings":[{"key":"array-size","value":"1","type":"xint"},{"key":"0","value":"delta_column_name","type":"xstring"}]},{"key":"excluded_names","type":"config","settings":[{"key":"array-size","value":"1","type":"xint"},{"key":"0","value":"pk col name","type":"xstring"}]},{"key":"enforce_option","value":"EnforceInclusion","type":"xstring"},{"key":"name_pattern","type":"config","settings":[{"key":"pattern","value":"","type":"xstring"},{"key":"type","value":"Wildcard","type":"xstring"},{"key":"caseSensitive","value":"true","type":"xboolean"},{"key":"excludeMatching","value":"false","type":"xboolean"}]}]},{"key":"variable-prefix","type":"xstring"},{"key":"port-names","type":"config","settings":[{"key":"array-size","value":"3","type":"xint"},{"key":"0","value":"Port 1","type":"xstring"},{"key":"1","value":"Port 2","type":"xstring"},{"key":"2","value":"Port 3","type":"xstring"}]},{"key":"port-descriptions","type":"config","settings":[{"key":"array-size","value":"3","type":"xint"},{"key":"0","value":"","type":"xstring"},{"key":"1","value":"","type":"xstring"},{"key":"2","value":"","type":"xstring"}]},{"key":"sub-node-description","value":"","type":"xstring"}],"outputs":[{"index":0,"type":"flowvariable port"},{"index":1,"type":"table","successors":[{"id":"4:0:12","portIndex":1}]},{"index":2,"type":"table","successors":[{"id":"4:0:12","portIndex":2}]},{"index":3,"type":"table","successors":[{"id":"4:0:41","portIndex":2}]}],"parentId":"4:0"},{"id":"4:0:12","name":"Joiner","type":"Manipulator","state":"IDLE","graphDepth":1,"annotation":"full outer on rowid\r\nsplit 2 multi tb=T\r\nmerge join cols=F\r\nkeep row keys=T\r\nappend \" (right)\"\r\nNF=> 2*(NF-1)","factoryKey":{"className":"org.knime.base.node.preproc.joiner3.Joiner3NodeFactory"},"settings":[{"key":"includeMatchesInOutput_Internals","type":"config","settings":[{"key":"SettingsModelID","value":"SMID_boolean","type":"xstring"},{"key":"EnabledStatus","value":"true","type":"xboolean"}]},{"key":"includeMatchesInOutput","value":"true","type":"xboolean"},{"key":"includeLeftUnmatchedInOutput_Internals","type":"config","settings":[{"key":"SettingsModelID","value":"SMID_boolean","type":"xstring"},{"key":"EnabledStatus","value":"true","type":"xboolean"}]},{"key":"includeLeftUnmatchedInOutput","value":"true","type":"xboolean"},{"key":"includeRightUnmatchedInOutput_Internals","type":"config","settings":[{"key":"SettingsModelID","value":"SMID_boolean","type":"xstring"},{"key":"EnabledStatus","value":"true","type":"xboolean"}]},{"key":"includeRightUnmatchedInOutput","value":"true","type":"xboolean"},{"key":"leftTableJoinPredicate_Internals","type":"config","settings":[{"key":"SettingsModelID","value":"SMID_stringarray","type":"xstring"},{"key":"EnabledStatus","value":"true","type":"xboolean"}]},{"key":"leftTableJoinPredicate","type":"config","settings":[{"key":"array-size","value":"1","type":"xint"},{"key":"0","value":"$RowID$","type":"xstring"}]},{"key":"rightTableJoinPredicate_Internals","type":"config","settings":[{"key":"SettingsModelID","value":"SMID_stringarray","type":"xstring"},{"key":"EnabledStatus","value":"true","type":"xboolean"}]},{"key":"rightTableJoinPredicate","type":"config","settings":[{"key":"array-size","value":"1","type":"xint"},{"key":"0","value":"$RowID$","type":"xstring"}]},{"key":"compositionMode_Internals","type":"config","settings":[{"key":"SettingsModelID","value":"SMID_string","type":"xstring"},{"key":"EnabledStatus","value":"true","type":"xboolean"}]},{"key":"compositionMode","value":"MATCH_ALL","type":"xstring"},{"key":"mergeJoinColumns_Internals","type":"config","settings":[{"key":"SettingsModelID","value":"SMID_boolean","type":"xstring"},{"key":"EnabledStatus","value":"true","type":"xboolean"}]},{"key":"mergeJoinColumns","value":"false","type":"xboolean"},{"key":"dataCellComparisonMode_Internals","type":"config","settings":[{"key":"SettingsModelID","value":"SMID_string","type":"xstring"},{"key":"EnabledStatus","value":"true","type":"xboolean"}]},{"key":"dataCellComparisonMode","value":"STRICT","type":"xstring"},{"key":"outputUnmatchedRowsToSeparatePorts_Internals","type":"config","settings":[{"key":"SettingsModelID","value":"SMID_boolean","type":"xstring"},{"key":"EnabledStatus","value":"true","type":"xboolean"}]},{"key":"outputUnmatchedRowsToSeparatePorts","value":"true","type":"xboolean"},{"key":"rowKeyFactory_Internals","type":"config","settings":[{"key":"SettingsModelID","value":"SMID_string","type":"xstring"},{"key":"EnabledStatus","value":"true","type":"xboolean"}]},{"key":"rowKeyFactory","value":"KEEP_ROWID","type":"xstring"},{"key":"rowKeySeparator_Internals","type":"config","settings":[{"key":"SettingsModelID","value":"SMID_string","type":"xstring"},{"key":"EnabledStatus","value":"false","type":"xboolean"}]},{"key":"rowKeySeparator","value":"_","type":"xstring"},{"key":"duplicateHandling_Internals","type":"config","settings":[{"key":"SettingsModelID","value":"SMID_string","type":"xstring"},{"key":"EnabledStatus","value":"true","type":"xboolean"}]},{"key":"duplicateHandling","value":"APPEND_SUFFIX","type":"xstring"},{"key":"suffix_Internals","type":"config","settings":[{"key":"SettingsModelID","value":"SMID_string","type":"xstring"},{"key":"EnabledStatus","value":"true","type":"xboolean"}]},{"key":"suffix","value":" (right)","type":"xstring"},{"key":"outputRowOrder_Internals","type":"config","settings":[{"key":"SettingsModelID","value":"SMID_string","type":"xstring"},{"key":"EnabledStatus","value":"true","type":"xboolean"}]},{"key":"outputRowOrder","value":"ARBITRARY","type":"xstring"},{"key":"maxOpenFiles_Internals","type":"config","settings":[{"key":"SettingsModelID","value":"SMID_integer","type":"xstring"},{"key":"EnabledStatus","value":"true","type":"xboolean"}]},{"key":"maxOpenFiles","value":"200","type":"xint"},{"key":"enableHiliting_Internals","type":"config","settings":[{"key":"SettingsModelID","value":"SMID_boolean","type":"xstring"},{"key":"EnabledStatus","value":"true","type":"xboolean"}]},{"key":"enableHiliting","value":"false","type":"xboolean"},{"key":"leftColumnSelectionConfig","type":"config","settings":[{"key":"filter-type","value":"STANDARD","type":"xstring"},{"key":"included_names","type":"config","settings":[{"key":"array-size","value":"7","type":"xint"},{"key":"0","value":"deal id","type":"xstring"},{"key":"1","value":"ccy leg","type":"xstring"},{"key":"2","value":"prod","type":"xstring"},{"key":"3","value":"trade date","type":"xstring"},{"key":"4","value":"region","type":"xstring"},{"key":"5","value":"PV","type":"xstring"},{"key":"6","value":"DELTA","type":"xstring"}]},{"key":"excluded_names","type":"config","settings":[{"key":"array-size","value":"0","type":"xint"}]},{"key":"enforce_option","value":"EnforceExclusion","type":"xstring"},{"key":"name_pattern","type":"config","settings":[{"key":"pattern","value":"","type":"xstring"},{"key":"type","value":"Wildcard","type":"xstring"},{"key":"caseSensitive","value":"true","type":"xboolean"},{"key":"excludeMatching","value":"false","type":"xboolean"}]},{"key":"datatype","type":"config","settings":[{"key":"typelist","type":"config","settings":[{"key":"org.knime.core.data.IntValue","value":"false","type":"xboolean"},{"key":"org.knime.core.data.StringValue","value":"false","type":"xboolean"},{"key":"org.knime.core.data.DoubleValue","value":"false","type":"xboolean"},{"key":"org.knime.core.data.BooleanValue","value":"false","type":"xboolean"},{"key":"org.knime.core.data.LongValue","value":"false","type":"xboolean"},{"key":"org.knime.core.data.date.DateAndTimeValue","value":"false","type":"xboolean"}]}]}]},{"key":"rightColumnSelectionConfig","type":"config","settings":[{"key":"filter-type","value":"STANDARD","type":"xstring"},{"key":"included_names","type":"config","settings":[{"key":"array-size","value":"7","type":"xint"},{"key":"0","value":"deal id","type":"xstring"},{"key":"1","value":"ccy leg","type":"xstring"},{"key":"2","value":"prod","type":"xstring"},{"key":"3","value":"trade date","type":"xstring"},{"key":"4","value":"region","type":"xstring"},{"key":"5","value":"PV","type":"xstring"},{"key":"6","value":"DELTA","type":"xstring"}]},{"key":"excluded_names","type":"config","settings":[{"key":"array-size","value":"0","type":"xint"}]},{"key":"enforce_option","value":"EnforceExclusion","type":"xstring"},{"key":"name_pattern","type":"config","settings":[{"key":"pattern","value":"","type":"xstring"},{"key":"type","value":"Wildcard","type":"xstring"},{"key":"caseSensitive","value":"true","type":"xboolean"},{"key":"excludeMatching","value":"false","type":"xboolean"}]},{"key":"datatype","type":"config","settings":[{"key":"typelist","type":"config","settings":[{"key":"org.knime.core.data.IntValue","value":"false","type":"xboolean"},{"key":"org.knime.core.data.StringValue","value":"false","type":"xboolean"},{"key":"org.knime.core.data.DoubleValue","value":"false","type":"xboolean"},{"key":"org.knime.core.data.BooleanValue","value":"false","type":"xboolean"},{"key":"org.knime.core.data.LongValue","value":"false","type":"xboolean"},{"key":"org.knime.core.data.date.DateAndTimeValue","value":"false","type":"xboolean"}]}]}]}],"outputs":[{"index":0,"type":"flowvariable port"},{"index":1,"type":"table","successors":[{"id":"4:0:13","portIndex":1},{"id":"4:0:43","portIndex":2}]},{"index":2,"type":"table","successors":[{"id":"4:0:43","portIndex":3}]},{"index":3,"type":"table","successors":[{"id":"4:0:43","portIndex":4}]}],"parentId":"4:0"},{"id":"4:0:13","name":"Column Splitter","type":"Manipulator","state":"IDLE","graphDepth":2,"annotation":"by *(right)","factoryKey":{"className":"org.knime.base.node.preproc.split2.SplitNodeFactory2"},"settings":[{"key":"Filter Column Settings","type":"config","settings":[{"key":"filter-type","value":"name_pattern","type":"xstring"},{"key":"included_names","type":"config","settings":[{"key":"array-size","value":"0","type":"xint"}]},{"key":"excluded_names","type":"config","settings":[{"key":"array-size","value":"16","type":"xint"},{"key":"0","value":"prod","type":"xstring"},{"key":"1","value":"trade date","type":"xstring"},{"key":"2","value":"region","type":"xstring"},{"key":"3","value":"PV","type":"xstring"},{"key":"4","value":"deal id (pkm)","type":"xstring"},{"key":"5","value":"ccy leg (pkm)","type":"xstring"},{"key":"6","value":"IR DELTA","type":"xstring"},{"key":"7","value":"pk","type":"xstring"},{"key":"8","value":"prod (right)","type":"xstring"},{"key":"9","value":"trade date (right)","type":"xstring"},{"key":"10","value":"region (right)","type":"xstring"},{"key":"11","value":"PV (right)","type":"xstring"},{"key":"12","value":"deal id (pkm) (right)","type":"xstring"},{"key":"13","value":"ccy leg (pkm) (right)","type":"xstring"},{"key":"14","value":"IR DELTA (right)","type":"xstring"},{"key":"15","value":"pk (right)","type":"xstring"}]},{"key":"enforce_option","value":"EnforceInclusion","type":"xstring"},{"key":"name_pattern","type":"config","settings":[{"key":"pattern","value":"*(right)","type":"xstring"},{"key":"type","value":"Wildcard","type":"xstring"},{"key":"caseSensitive","value":"false","type":"xboolean"},{"key":"excludeMatching","value":"false","type":"xboolean"}]},{"key":"datatype","type":"config","settings":[{"key":"typelist","type":"config","settings":[{"key":"org.knime.core.data.StringValue","value":"false","type":"xboolean"},{"key":"org.knime.core.data.DoubleValue","value":"false","type":"xboolean"},{"key":"org.knime.core.data.IntValue","value":"false","type":"xboolean"},{"key":"org.knime.core.data.collection.ListDataValue","value":"false","type":"xboolean"},{"key":"org.knime.core.data.BooleanValue","value":"false","type":"xboolean"},{"key":"org.knime.core.data.LongValue","value":"false","type":"xboolean"},{"key":"org.knime.core.data.date.DateAndTimeValue","value":"false","type":"xboolean"}]}]}]}],"outputs":[{"index":0,"type":"flowvariable port"},{"index":1,"type":"table","successors":[{"id":"4:0:11","portIndex":1}]},{"index":2,"type":"table","successors":[{"id":"4:0:18","portIndex":1}]}],"parentId":"4:0"},{"id":"4:0:18","name":"Column Rename (Regex)","type":"Manipulator","state":"IDLE","graphDepth":3,"annotation":"(.+)( \\(right\\))\r\nreplaced by\r\n$1","factoryKey":{"className":"org.knime.base.node.preproc.columnrenameregex.ColumnRenameRegexNodeFactory"},"settings":[{"key":"searchString","value":"(.+)( \\(right\\))","type":"xstring"},{"key":"replaceString","value":"$1","type":"xstring"},{"key":"isCaseInsensitive","value":"false","type":"xboolean"},{"key":"isLiteral","value":"false","type":"xboolean"}],"outputs":[{"index":0,"type":"flowvariable port"},{"index":1,"type":"table","successors":[{"id":"4:0:11","portIndex":2}]}],"parentId":"4:0"},{"id":"4:0:11","name":"Table Difference Finder","type":"Manipulator","state":"IDLE","graphDepth":4,"annotation":"entire tables=T","factoryKey":{"className":"org.knime.base.node.preproc.tablediff.TableDifferNodeFactory"},"settings":[{"key":"column_filter_Internals","type":"config","settings":[{"key":"SettingsModelID","value":"SMID_columnfilter","type":"xstring"},{"key":"EnabledStatus","value":"true","type":"xboolean"}]},{"key":"column_filter","type":"config","settings":[{"key":"filter-type","value":"STANDARD","type":"xstring"},{"key":"included_names","type":"config","settings":[{"key":"array-size","value":"0","type":"xint"}]},{"key":"excluded_names","type":"config","settings":[{"key":"array-size","value":"0","type":"xint"}]},{"key":"enforce_option","value":"EnforceExclusion","type":"xstring"},{"key":"name_pattern","type":"config","settings":[{"key":"pattern","value":"","type":"xstring"},{"key":"type","value":"Wildcard","type":"xstring"},{"key":"caseSensitive","value":"true","type":"xboolean"},{"key":"excludeMatching","value":"false","type":"xboolean"}]},{"key":"datatype","type":"config","settings":[{"key":"typelist","type":"config","settings":[]}]}]},{"key":"compare_entirely_Internals","type":"config","settings":[{"key":"SettingsModelID","value":"SMID_boolean","type":"xstring"},{"key":"EnabledStatus","value":"true","type":"xboolean"}]},{"key":"compare_entirely","value":"true","type":"xboolean"},{"key":"failure_mode_Internals","type":"config","settings":[{"key":"SettingsModelID","value":"SMID_string","type":"xstring"},{"key":"EnabledStatus","value":"true","type":"xboolean"}]},{"key":"failure_mode","value":"NEVER","type":"xstring"}],"outputs":[{"index":0,"type":"flowvariable port"},{"index":1,"type":"table","successors":[{"id":"4:0:27","portIndex":1}]},{"index":2,"type":"table"}],"parentId":"4:0"},{"id":"4:0:27","name":"String Manipulation","type":"Manipulator","state":"IDLE","graphDepth":5,"annotation":"arithmetic delta or null\r\nemits WARNs\r\ncreates col \"delta\"\r\n(as per flow var)","factoryKey":{"className":"org.knime.base.node.preproc.stringmanipulation.StringManipulationNodeFactory"},"settings":[{"key":"expression","value":"toDouble(string($Value Compared Table$)) - toDouble(string($Value Reference Table$))\n","type":"xstring"},{"key":"replaced_column","value":"delta (flow var)","type":"xstring"},{"key":"append_column","value":"false","type":"xboolean"},{"key":"test_compilation_on_dialog_close","value":"true","type":"xboolean"},{"key":"insert_missing_as_null","value":"false","type":"xboolean"},{"key":"return_type","value":"java.lang.Double","type":"xstring"}],"outputs":[{"index":0,"type":"flowvariable port"},{"index":1,"type":"table","successors":[{"id":"4:0:41","portIndex":1}]}],"parentId":"4:0"},{"id":"4:0:41","name":"Rule-based Row Splitter (Dictionary)","type":"Manipulator","state":"IDLE","graphDepth":6,"annotation":"big numeric deltas: top\r\nnon numeric deltas: top\r\nsmall numeric deltas: bottom","factoryKey":{"className":"org.knime.base.node.rules.engine.twoports.RuleEngineSplitter2PortsNodeFactory"},"settings":[{"key":"rules.column","value":"when","type":"xstring"},{"key":"outcomes.column","value":"then","type":"xstring"},{"key":"disallowLongOutputForCompatibility","value":"false","type":"xboolean"},{"key":"treat.outcomes.with.dollar.as.references","value":"true","type":"xboolean"},{"key":"include","value":"true","type":"xboolean"}],"outputs":[{"index":0,"type":"flowvariable port"},{"index":1,"type":"table","successors":[{"id":"4:0:43","portIndex":1}]},{"index":2,"type":"table"}],"parentId":"4:0"},{"id":"4:0:43","name":"Component Output","type":"VirtualOut","state":"IDLE","graphDepth":7,"annotation":"1: relevant deltas\r\n2: all deltas\r\n3: BASEV (left) only\r\n4: NEXTV (right) only\r\nflow var:\r\nprovided name of delta col","factoryKey":{"className":"org.knime.core.node.workflow.virtual.subnode.VirtualSubNodeOutputNodeFactory","settings":"{\"name\":\"settings\",\"value\":{\"port_0\":{\"type\":\"tree\",\"value\":{\"index\":{\"type\":\"int\",\"value\":0},\"type\":{\"type\":\"tree\",\"value\":{\"object_class\":{\"type\":\"string\",\"value\":\"org.knime.core.node.BufferedDataTable\"}}}}},\"port_1\":{\"type\":\"tree\",\"value\":{\"index\":{\"type\":\"int\",\"value\":1},\"type\":{\"type\":\"tree\",\"value\":{\"object_class\":{\"type\":\"string\",\"value\":\"org.knime.core.node.BufferedDataTable\"}}}}},\"port_2\":{\"type\":\"tree\",\"value\":{\"index\":{\"type\":\"int\",\"value\":2},\"type\":{\"type\":\"tree\",\"value\":{\"object_class\":{\"type\":\"string\",\"value\":\"org.knime.core.node.BufferedDataTable\"}}}}},\"port_3\":{\"type\":\"tree\",\"value\":{\"index\":{\"type\":\"int\",\"value\":3},\"type\":{\"type\":\"tree\",\"value\":{\"object_class\":{\"type\":\"string\",\"value\":\"org.knime.core.node.BufferedDataTable\"}}}}}}}"},"settings":[{"key":"variable-filter","type":"config","settings":[{"key":"filter-type","value":"STANDARD","type":"xstring"},{"key":"included_names","type":"config","settings":[{"key":"array-size","value":"1","type":"xint"},{"key":"0","value":"delta_column_name","type":"xstring"}]},{"key":"excluded_names","type":"config","settings":[{"key":"array-size","value":"0","type":"xint"}]},{"key":"enforce_option","value":"EnforceInclusion","type":"xstring"},{"key":"name_pattern","type":"config","settings":[{"key":"pattern","value":"","type":"xstring"},{"key":"type","value":"Wildcard","type":"xstring"},{"key":"caseSensitive","value":"true","type":"xboolean"},{"key":"excludeMatching","value":"false","type":"xboolean"}]}]},{"key":"variable-prefix","type":"xstring"},{"key":"port-names","type":"config","settings":[{"key":"array-size","value":"4","type":"xint"},{"key":"0","value":"Port 1","type":"xstring"},{"key":"1","value":"Port 2","type":"xstring"},{"key":"2","value":"Port 3","type":"xstring"},{"key":"3","value":"Port 4","type":"xstring"}]},{"key":"port-descriptions","type":"config","settings":[{"key":"array-size","value":"4","type":"xint"},{"key":"0","value":"","type":"xstring"},{"key":"1","value":"","type":"xstring"},{"key":"2","value":"","type":"xstring"},{"key":"3","value":"","type":"xstring"}]}],"outputs":[{"index":0,"type":"flowvariable port"}],"parentId":"4:0"}],"annotations":["a full outer join is performed\r\non rowid","the inner join is cut in two halves","the tables are compared cell-by-cell\r\nthe arithmetic delta is computed where possible\r\nand the small numeric deltas are discarded"],"name":"AMKC01 TDIFF"}}